{
  "$schema": "http://json-schema.org/draft-07/schema#",
  "$ref": "../schemas/apiLib.schema.json",
  "entries": [
    {
      "vendor": "Atlassian",
      "product": "jira",
      "offer": "cloud",
      "baseURL": "${NEOEN_JIRA_DOMAIN}",
      "apiAccess": {
        "userEnv": "NEOEN_JIRA_LOGIN",
        "tokenEnv": "NEOEN_JIRA_TOKEN"
      },
      "pagination": {
        "cursor": {
          "initialToken": null,
          "nextTokenField": "nextPageToken",
          "pageSizeField": "maxResults",
          "defaultPageSize": 100,
          "lastField": "isLast"
        }
      },
      "timeoutMs": 30000,
      "retryPolicy": {
        "retries": 3,
        "factor": 2,
        "minTimeoutMs": 1000
      },
      "endpoints": [
        {
          "name": "getIssues",
          "operationId": "getIssues",
          "enabled": true,
          "family": "search",
          "path": "/rest/api/3/search/jql",
          "method": "GET",
          "itemsPath": "issues",
          "headers": {
            "Accept": "application/json",
            "Authorization": "${AUTH_HEADER}"
          }
        },
        {
          "name": "getIssueTypesForProject",
          "operationId": "getIssueTypesForProject",
          "enabled": true,
          "family": "issuetypes",
          "path": "/rest/api/3/issuetype/project",
          "method": "GET",
          "itemsPath": "",
          "headers": {
            "Accept": "application/json",
            "Authorization": "${AUTH_HEADER}"
          }
        },
        {
          "name": "countIssues",
          "operationId": "count",
          "enabled": true,
          "family": "search",
          "path": "/rest/api/3/search/approximate-count",
          "method": "POST",
          "pagination": "none",
          "itemsPath": "count",
          "headers": {
            "Accept": "application/json",
            "Content-Type": "application/json",
            "Authorization": "${AUTH_HEADER}"
          }
        },
        {
          "name": "getFields",
          "operationId": "getFields",
          "enabled": true,
          "family": "Fields",
          "path": "/rest/api/3/field/search",
          "method": "GET",
          "pagination": "pagebean",
          "itemsPath": "values",
          "headers": {
            "Accept": "application/json",
            "Content-Type": "application/json",
            "Authorization": "${AUTH_HEADER}"
          }
        },
        {
          "name": "getProjects",
          "operationId": "getProjects",
          "enabled": true,
          "family": "Project",
          "path": "/rest/api/3/project/search",
          "method": "GET",
          "pagination": "pagebean",
          "itemsPath": "values",
          "headers": {
            "Accept": "application/json",
            "Content-Type": "application/json",
            "Authorization": "${AUTH_HEADER}"
          }
        }
      ]
    },
    {
      "vendor": "Atlassian",
      "product": "confluence",
      "offer": "cloud",
      "baseURL": "${CONFLUENCE_DOMAIN}",
      "apiAccess": {
        "userEnv": "CONFLUENCE_LOGIN",
        "tokenEnv": "CONFLUENCE_TOKEN"
      },
      "pagination": {
        "cursor": {
          "initialToken": null,
          "nextTokenField": "nextPageToken",
          "pageSizeField": "maxResults",
          "defaultPageSize": 50
        }
      },
      "timeoutMs": 30000,
      "retryPolicy": {
        "retries": 3,
        "factor": 2,
        "minTimeoutMs": 1000
      },
      "endpoints": []
    }
  ]
}
